BEGIN;

INSERT INTO public.lms_authorities (authority_id, active, name, constant) VALUES (1, true, 'Admin', 'ADMIN');
INSERT INTO public.lms_authorities (authority_id, active, name, constant) VALUES (2, true, 'User', 'USER');
INSERT INTO public.lms_authorities (authority_id, active, name, constant) VALUES (3, true, 'Guest', 'GUEST');
INSERT INTO public.lms_authorities (authority_id, active, name, constant) VALUES (4, true, 'User.Delete', 'USER.DELETE');
INSERT INTO public.lms_authorities (authority_id, active, name, constant) VALUES (5, true, 'User.Create', 'USER.CREATE');
INSERT INTO public.lms_authorities (authority_id, active, name, constant) VALUES (6, true, 'User.Update', 'USER.UPDATE');
INSERT INTO public.lms_authorities (authority_id, active, name, constant) VALUES (7, true, 'User.Edit', 'USER.EDIT');
INSERT INTO public.lms_authorities (authority_id, active, name, constant) VALUES (8, true, 'Guest.Create', 'GUEST.CREATE');
INSERT INTO public.lms_authorities (authority_id, active, name, constant) VALUES (9, true, 'Guest.Delete', 'GUEST.DELETE');
INSERT INTO public.lms_authorities (authority_id, active, name, constant) VALUES (10, true, 'Guest.Update', 'GUEST.UPDATE');
INSERT INTO public.lms_authorities (authority_id, active, name, constant) VALUES (11, true, 'Guest.Edit', 'GUEST.EDIT');

INSERT INTO public.lms_districts (district_id, active, name, constant) VALUES (1, true, 'Gros Islet', 'GROS ISLET');
INSERT INTO public.lms_districts (district_id, active, name, constant) VALUES (2, true, 'Castries', 'CASTRIES');
INSERT INTO public.lms_districts (district_id, active, name, constant) VALUES (3, true, 'Dennery', 'DENNERY');
INSERT INTO public.lms_districts (district_id, active, name, constant) VALUES (4, true, 'praslin', 'PRASLIN');
INSERT INTO public.lms_districts (district_id, active, name, constant) VALUES (5, true, 'Micoud', 'MICOUD');
INSERT INTO public.lms_districts (district_id, active, name, constant) VALUES (6, true, 'Vieux Fort', 'VIEUX FORT');
INSERT INTO public.lms_districts (district_id, active, name, constant) VALUES (7, true, 'laborie', 'LABORIE');
INSERT INTO public.lms_districts (district_id, active, name, constant) VALUES (8, true, 'choiseul', 'CHOISEUL');
INSERT INTO public.lms_districts (district_id, active, name, constant) VALUES (9, true, 'Soufriere', 'SOUFRIERE');
INSERT INTO public.lms_districts (district_id, active, name, constant) VALUES (10, true, 'canaries', 'CANARIES');
INSERT INTO public.lms_districts (district_id, active, name, constant) VALUES (11, true, 'anse la raye', 'ANSE LA RAYE');

INSERT INTO public.lms_gender (gender_id, active, name, constant) VALUES (1, true, 'Male', 'MALE');
INSERT INTO public.lms_gender (gender_id, active, name, constant) VALUES (2, true, 'Female', 'FEMALE');
INSERT INTO public.lms_gender (gender_id, active, name, constant) VALUES (3, true, 'Gender Neutral', 'GENDER NEUTRAL');

INSERT INTO public.lms_municipality (municipality_id, active, name, constant, district_id) VALUES (121, true, 'ST LAWRENCE', 'ST LAWRENCE', 11);
INSERT INTO public.lms_municipality (municipality_id, active, name, constant, district_id) VALUES (122, true, 'CHAMPEN ESTATE', 'CHAMPEN ESTATE', 11);
INSERT INTO public.lms_municipality (municipality_id, active, name, constant, district_id) VALUES (123, true, 'FOND EAU ROUGE', 'FOND EAU ROUGE', 11);
INSERT INTO public.lms_municipality (municipality_id, active, name, constant, district_id) VALUES (124, true, 'MORNE D''OR', 'MORNE D''OR', 11);
INSERT INTO public.lms_municipality (municipality_id, active, name, constant, district_id) VALUES (125, true, 'ENBAR PWIN/MILLET', 'ENBAR PWIN', 11);
INSERT INTO public.lms_municipality (municipality_id, active, name, constant, district_id) VALUES (126, true, 'DERRIERE LAGOON', 'DERRIERE LAGOON', 11);
INSERT INTO public.lms_municipality (municipality_id, active, name, constant, district_id) VALUES (127, true, 'JEAN BAPTISTE', 'JEAN BAPTISTE', 11);
INSERT INTO public.lms_municipality (municipality_id, active, name, constant, district_id) VALUES (128, true, 'JACMEL', 'JACMEL', 11);
INSERT INTO public.lms_municipality (municipality_id, active, name, constant, district_id) VALUES (129, true, 'BOIS D''INDE', 'BOIS D''INDE', 11);
INSERT INTO public.lms_municipality (municipality_id, active, name, constant, district_id) VALUES (130, true, 'MORNE CISEAUX', 'MORNE CISEAUX', 11);
INSERT INTO public.lms_municipality (municipality_id, active, name, constant, district_id) VALUES (131, true, 'VANARD', 'VANARD', 11);
INSERT INTO public.lms_municipality (municipality_id, active, name, constant, district_id) VALUES (132, true, 'MILLET', 'MILLET', 11);
INSERT INTO public.lms_municipality (municipality_id, active, name, constant, district_id) VALUES (133, true, 'DURANDEAU', 'DURANDEAU', 11);
INSERT INTO public.lms_municipality (municipality_id, active, name, constant, district_id) VALUES (134, true, 'DERRIERE DOS', 'DERRIERE DOS', 11);
INSERT INTO public.lms_municipality (municipality_id, active, name, constant, district_id) VALUES (135, true, 'ROSEAU VALLEY', 'ROSEAU VALLEY', 11);
INSERT INTO public.lms_municipality (municipality_id, active, name, constant, district_id) VALUES (136, true, 'DAME DE TRAVERSAY', 'DAME DE TRAVERSAY', 11);
INSERT INTO public.lms_municipality (municipality_id, active, name, constant, district_id) VALUES (137, true, 'CAICO/MILLET', 'CAICO/MILLET', 11);
INSERT INTO public.lms_municipality (municipality_id, active, name, constant, district_id) VALUES (138, true, 'TETE CHEMIN/MILLET', 'TETE CHEMIN', 11);
INSERT INTO public.lms_municipality (municipality_id, active, name, constant, district_id) VALUES (139, true, 'AU TABOR HILL', 'AU TABOR HILL', 11);
INSERT INTO public.lms_municipality (municipality_id, active, name, constant, district_id) VALUES (140, true, 'AU TABOR', 'AU TABOR', 11);
INSERT INTO public.lms_municipality (municipality_id, active, name, constant, district_id) VALUES (141, true, 'MONCHY/VIEUX SUCREIC/BOIS D''INE', 'MONCHY/VIEUX SUCREIC/BOIS D''INDE', 1);
INSERT INTO public.lms_municipality (municipality_id, active, name, constant, district_id) VALUES (142, true, 'ST LAWRENCE ESTATE', 'ST LAWRENCE ESTATE', 11);
INSERT INTO public.lms_municipality (municipality_id, active, name, constant, district_id) VALUES (143, true, 'MASSACRE', 'MASSACRE', 11);
INSERT INTO public.lms_municipality (municipality_id, active, name, constant, district_id) VALUES (144, true, 'VENUS', 'VENUS', 11);
INSERT INTO public.lms_municipality (municipality_id, active, name, constant, district_id) VALUES (145, true, 'LA TREILLE', 'LA TRIELLE', 11);
INSERT INTO public.lms_municipality (municipality_id, active, name, constant, district_id) VALUES (146, true, 'INVORGOIL ESTATE', 'INVORGOIL ESTATE', 11);
INSERT INTO public.lms_municipality (municipality_id, active, name, constant, district_id) VALUES (147, true, 'VILLAGE', 'VILLAGE', 11);
INSERT INTO public.lms_municipality (municipality_id, active, name, constant, district_id) VALUES (148, true, 'VILLAGE/PETITE BOURGH', 'PETITE BOURGH', 11);
INSERT INTO public.lms_municipality (municipality_id, active, name, constant, district_id) VALUES (149, true, 'BELLE VUE', 'BELLE VUE', 1);
INSERT INTO public.lms_municipality (municipality_id, active, name, constant, district_id) VALUES (150, true, 'BELLE VUE ESTATE', 'BELLE VUE ESTATE', 1);
INSERT INTO public.lms_municipality (municipality_id, active, name, constant, district_id) VALUES (151, true, 'PIGEON ISLAND', 'PIGEON ISLAND', 1);
INSERT INTO public.lms_municipality (municipality_id, active, name, constant, district_id) VALUES (152, true, 'BEAUSEJOUR/FOSTIN''S DEVELOPMENT', 'BEAUSEJOUR/FOSTIN''S DEVELOPMENT', 1);
INSERT INTO public.lms_municipality (municipality_id, active, name, constant, district_id) VALUES (153, true, 'LA GUERRE', 'LA GUERRE', 1);
INSERT INTO public.lms_municipality (municipality_id, active, name, constant, district_id) VALUES (155, true, 'DENNERY BY PASS/WHITE ROCK GARDENS', 'DENNERY BY PASS/WHITE ROCK GARDENS', 3);
INSERT INTO public.lms_municipality (municipality_id, active, name, constant, district_id) VALUES (156, true, 'BELLA ROSA', 'BELLA ROSA', 1);
INSERT INTO public.lms_municipality (municipality_id, active, name, constant, district_id) VALUES (157, true, 'BONNETERRE', 'BONNETERRE', 1);
INSERT INTO public.lms_municipality (municipality_id, active, name, constant, district_id) VALUES (158, true, 'CAP ESTATE/BECUNE POINT', 'CAP ESTATE/BECUNE POINT', 1);
INSERT INTO public.lms_municipality (municipality_id, active, name, constant, district_id) VALUES (159, true, 'CAP ESTATE/BECUNE PARK', 'CAP ESTATE/BECUNE PARK', 1);
INSERT INTO public.lms_municipality (municipality_id, active, name, constant, district_id) VALUES (160, true, 'CAP ESTATE/GOLF PARK', 'CAP ESTATE/GOLF PARK', 1);
INSERT INTO public.lms_municipality (municipality_id, active, name, constant, district_id) VALUES (161, true, 'CAP ESTATE/MON DU CAP', 'CAP ESTATE/MON DU CAP', 1);
INSERT INTO public.lms_municipality (municipality_id, active, name, constant, district_id) VALUES (162, true, 'CAP ESTATE/SADDLE BACK', 'CAP ESTATE/SADDLEC BACK', 1);
INSERT INTO public.lms_municipality (municipality_id, active, name, constant, district_id) VALUES (163, true, 'CAP ESTATE/ANSE DU CAP', 'CAP ESTATE/ANSE DU CAP', 1);
INSERT INTO public.lms_municipality (municipality_id, active, name, constant, district_id) VALUES (164, true, 'CAP ESTATE/LOWER SALINE POINT', 'CAP ESTATE/LOWER SALINE POINT', 1);
INSERT INTO public.lms_municipality (municipality_id, active, name, constant, district_id) VALUES (165, true, 'CAP ESTATE/UPPER SALINE POINT', 'CAP ESTATE/UPPER SALINE POINT', 1);
INSERT INTO public.lms_municipality (municipality_id, active, name, constant, district_id) VALUES (166, true, 'CAP ESTATE/RANCH SITE', 'CAP ESTATE/RANCH SITE', 1);
INSERT INTO public.lms_municipality (municipality_id, active, name, constant, district_id) VALUES (167, true, 'RODNEY BAY', 'RODNEY BAY', 1);
INSERT INTO public.lms_municipality (municipality_id, active, name, constant, district_id) VALUES (168, true, 'L''HERMITAGE', 'L''HERMITAGE', 1);
INSERT INTO public.lms_municipality (municipality_id, active, name, constant, district_id) VALUES (169, true, 'REDUIT ORCHARD', 'REDUIT ORCHARD', 1);
INSERT INTO public.lms_municipality (municipality_id, active, name, constant, district_id) VALUES (170, true, 'DENNERY BY PASS', 'DENNERY BY PASS', 3);
INSERT INTO public.lms_municipality (municipality_id, active, name, constant, district_id) VALUES (171, true, 'DERNIERE RIVIERE', 'DERNIERE RIVIERE', 3);
INSERT INTO public.lms_municipality (municipality_id, active, name, constant, district_id) VALUES (172, true, 'REDUIT PARK', 'REDUIT PARK', 1);
INSERT INTO public.lms_municipality (municipality_id, active, name, constant, district_id) VALUES (173, true, 'MONCHY/LAFEUILLE', 'MONCHY/LAFEUILLEE', 1);
INSERT INTO public.lms_municipality (municipality_id, active, name, constant, district_id) VALUES (174, true, 'MONCHY/MOULIN A VENT', 'MONCHY/MOULIN A VENT', 1);
INSERT INTO public.lms_municipality (municipality_id, active, name, constant, district_id) VALUES (175, true, 'CAYE MANJE''', 'CAYE MANJE''', 1);
INSERT INTO public.lms_municipality (municipality_id, active, name, constant, district_id) VALUES (176, true, 'BONNETERRE GARDENS', 'BONNETERRE GARDENS', 1);
INSERT INTO public.lms_municipality (municipality_id, active, name, constant, district_id) VALUES (177, true, 'BOIS D''ORANGE', 'BOIS D''ORANGE', 1);
INSERT INTO public.lms_municipality (municipality_id, active, name, constant, district_id) VALUES (178, true, 'BOIS D''ORANGE/TROUYA', 'BOIS D''ORNANGE/TROUYA', 1);
INSERT INTO public.lms_municipality (municipality_id, active, name, constant, district_id) VALUES (179, true, 'MARISULE/LA BRELLOTTE', 'MARISULE/LA BRELLOTTE', 1);
INSERT INTO public.lms_municipality (municipality_id, active, name, constant, district_id) VALUES (180, true, 'MONCHY/VIEUX SUCREIC', 'MONCHY/VIEUX SUCREIC', 1);
INSERT INTO public.lms_municipality (municipality_id, active, name, constant, district_id) VALUES (181, true, 'MONCHY/LA RETRAITE', 'MONCHY/LA RETRAITE', 1);
INSERT INTO public.lms_municipality (municipality_id, active, name, constant, district_id) VALUES (182, true, 'MONCHY/LAWI FWEN', 'MONCHY/LAWI FWEN', 1);
INSERT INTO public.lms_municipality (municipality_id, active, name, constant, district_id) VALUES (183, true, 'BARRE ST JOSEPH', 'BARRE ST.JOSEPH', 2);
INSERT INTO public.lms_municipality (municipality_id, active, name, constant, district_id) VALUES (184, true, 'MONCHY/CLETUS VILLAGE', 'MONCHY/CLETUS VILLAGE', 1);
INSERT INTO public.lms_municipality (municipality_id, active, name, constant, district_id) VALUES (185, true, 'MONCHY/RAVINE MACOCK', 'MONCHY/RAVINE MACOCK', 1);
INSERT INTO public.lms_municipality (municipality_id, active, name, constant, district_id) VALUES (186, true, 'MONCHY/LA BORNE', 'MONCHY/LA BORNE', 1);
INSERT INTO public.lms_municipality (municipality_id, active, name, constant, district_id) VALUES (187, true, 'MONCHY/CARDINAL', 'MONCHY/CARDINAL', 1);
INSERT INTO public.lms_municipality (municipality_id, active, name, constant, district_id) VALUES (188, true, 'CORINTH', 'CORINTH', 1);
INSERT INTO public.lms_municipality (municipality_id, active, name, constant, district_id) VALUES (189, true, 'MONCHY/TI DAUPHIN', 'MONCHY/TI DAUPHIN', 1);
INSERT INTO public.lms_municipality (municipality_id, active, name, constant, district_id) VALUES (190, true, 'GRANDE RIVIERE/NORBERT', 'GRANDE RIVIERE/NORBERT', 1);
INSERT INTO public.lms_municipality (municipality_id, active, name, constant, district_id) VALUES (191, true, 'CORINTH/LA BEL LAIR', 'CORINTH/LA BEL LAIR', 1);
INSERT INTO public.lms_municipality (municipality_id, active, name, constant, district_id) VALUES (192, true, 'GRANDE RIVIERE/POSTLEWAITHE', 'GRANDE RIVIERE/POSTLEWAITHE', 1);
INSERT INTO public.lms_municipality (municipality_id, active, name, constant, district_id) VALUES (193, true, 'GRANDE RIVIERE/PIAT', 'GRANDE RIVIERE/PIAT', 1);
INSERT INTO public.lms_municipality (municipality_id, active, name, constant, district_id) VALUES (194, true, 'GRANDE RIVIERE', 'GRAND RIVIERE', 1);
INSERT INTO public.lms_municipality (municipality_id, active, name, constant, district_id) VALUES (195, true, 'MARISULE/TOP OF THE WORLD/BELLE VILLE', 'BELLE VILLE', 1);
INSERT INTO public.lms_municipality (municipality_id, active, name, constant, district_id) VALUES (196, true, 'GRANDE RIVIERE/WHITE ROCK', 'GRANDE RIVIERE/WHITE ROCK', 1);
INSERT INTO public.lms_municipality (municipality_id, active, name, constant, district_id) VALUES (197, true, 'UNION/TI MORNE', 'UNION/TI MORNE', 1);
INSERT INTO public.lms_municipality (municipality_id, active, name, constant, district_id) VALUES (198, true, 'MONIER', 'MONIER', 1);
INSERT INTO public.lms_municipality (municipality_id, active, name, constant, district_id) VALUES (199, true, 'GRANDE RIVIERE/MORNE SERPENT', 'GRANDE RIVIERE/MORNE SERPENT', 1);
INSERT INTO public.lms_municipality (municipality_id, active, name, constant, district_id) VALUES (200, true, 'GRANDE RIVIERE/INGLE WOODS', 'GRANDE RIVIERE/INGLE WOODS', 1);
INSERT INTO public.lms_municipality (municipality_id, active, name, constant, district_id) VALUES (201, true, 'GRANDE RIVIERE/MORNE ELWIN', 'GRANDE RIVIERE/MORNE ELWIN', 1);
INSERT INTO public.lms_municipality (municipality_id, active, name, constant, district_id) VALUES (202, true, 'UNION TERRACE', 'UNION TERRACE', 1);
INSERT INTO public.lms_municipality (municipality_id, active, name, constant, district_id) VALUES (203, true, 'MONCHY/MALGRETOUTE', 'MONCHY/MALGRETOUTE', 1);
INSERT INTO public.lms_municipality (municipality_id, active, name, constant, district_id) VALUES (204, true, 'MORNE CITON', 'MORNE CITON', 1);
INSERT INTO public.lms_municipality (municipality_id, active, name, constant, district_id) VALUES (205, true, 'PLATEAU', 'PLATEAU', 1);
INSERT INTO public.lms_municipality (municipality_id, active, name, constant, district_id) VALUES (206, true, 'GIRARD/BABONNEAU', 'GIRARD', 2);
INSERT INTO public.lms_municipality (municipality_id, active, name, constant, district_id) VALUES (207, true, 'LA GUERRE/CHICKENBACK STREET', 'LA GUERRE/CHICKEN BACK STREET', 1);
INSERT INTO public.lms_municipality (municipality_id, active, name, constant, district_id) VALUES (208, true, 'AMERIC', 'AMERIC', 1);
INSERT INTO public.lms_municipality (municipality_id, active, name, constant, district_id) VALUES (209, true, 'PAIX BOUCHE', 'PAIX BOUCHE', 1);
INSERT INTO public.lms_municipality (municipality_id, active, name, constant, district_id) VALUES (210, true, 'BOGUIS/DESA BLOND', 'BOGUIS/DESA BLOND', 1);
INSERT INTO public.lms_municipality (municipality_id, active, name, constant, district_id) VALUES (211, true, 'DES BARRAS/CACOLIE', 'DES BARRAS/CACOLIE', 1);
INSERT INTO public.lms_municipality (municipality_id, active, name, constant, district_id) VALUES (212, true, 'MASSADE', 'MASSADE', 1);
INSERT INTO public.lms_municipality (municipality_id, active, name, constant, district_id) VALUES (213, true, 'GROS ISLET TOWN', 'GROS ISLET TOWN', 1);
INSERT INTO public.lms_municipality (municipality_id, active, name, constant, district_id) VALUES (214, true, 'GROS ISLET/EDGE WATER', 'GROS ISLET/EDGE WATER', 1);
INSERT INTO public.lms_municipality (municipality_id, active, name, constant, district_id) VALUES (215, true, 'RODNEY HEIGHTS', 'RODNEY HEIGHTS', 1);
INSERT INTO public.lms_municipality (municipality_id, active, name, constant, district_id) VALUES (216, true, 'MONGIRAUD', 'MONGIRAUD', 1);
INSERT INTO public.lms_municipality (municipality_id, active, name, constant, district_id) VALUES (217, true, 'MARISULE/EAST WINDS', 'MARISULE/EAST WINDS', 1);
INSERT INTO public.lms_municipality (municipality_id, active, name, constant, district_id) VALUES (218, true, 'CORINTH ESTATE', 'CORINTH ESTATE', 1);
INSERT INTO public.lms_municipality (municipality_id, active, name, constant, district_id) VALUES (219, true, 'GRANDE RIVIERE/ASSOU CANAL', 'GRANDE RIVIERE/ASSOU CANAL', 1);
INSERT INTO public.lms_municipality (municipality_id, active, name, constant, district_id) VALUES (551, true, 'VOLET', 'VOLET', 5);
INSERT INTO public.lms_municipality (municipality_id, active, name, constant, district_id) VALUES (220, true, 'LA CROIX CHAUBOUGH', 'LA CROIX CHABOURGH', 1);
INSERT INTO public.lms_municipality (municipality_id, active, name, constant, district_id) VALUES (221, true, 'REDUIT', 'REDUIT', 1);
INSERT INTO public.lms_municipality (municipality_id, active, name, constant, district_id) VALUES (222, true, 'MONCHY/VIEUX SUCREIC/CAREFFE', 'MONCHY/VIEUX SUCREIC/CAREFFE', 1);
INSERT INTO public.lms_municipality (municipality_id, active, name, constant, district_id) VALUES (223, true, 'MONCHY/CAREFFE', 'MONCHY/CAREFFE', 1);
INSERT INTO public.lms_municipality (municipality_id, active, name, constant, district_id) VALUES (224, true, 'CAS EN BAS', 'CAS EN BAS', 1);
INSERT INTO public.lms_municipality (municipality_id, active, name, constant, district_id) VALUES (225, true, 'BEAUSEJOUR/NDC', 'BEAUSEJOUR/NDC', 1);
INSERT INTO public.lms_municipality (municipality_id, active, name, constant, district_id) VALUES (226, true, 'MONCHY/MOUNT LAYAU', 'MONCHY/MOUNT LAYAU', 1);
INSERT INTO public.lms_municipality (municipality_id, active, name, constant, district_id) VALUES (227, true, 'MARISULE/TOP OF THE WORLD', 'MARISULE/TOP OF THE WORLD', 1);
INSERT INTO public.lms_municipality (municipality_id, active, name, constant, district_id) VALUES (228, true, 'MARISULE/BON AIR', 'MARISULE/BON AIR', 1);
INSERT INTO public.lms_municipality (municipality_id, active, name, constant, district_id) VALUES (229, true, 'GRANDE RIVIERE/DEGAZON', 'GRANDE RIVIERE/DEGAZON', 1);
INSERT INTO public.lms_municipality (municipality_id, active, name, constant, district_id) VALUES (230, true, 'GADETTE', 'GADETTE', 3);
INSERT INTO public.lms_municipality (municipality_id, active, name, constant, district_id) VALUES (231, true, 'LA PELLE', 'LA PELLE', 3);
INSERT INTO public.lms_municipality (municipality_id, active, name, constant, district_id) VALUES (232, true, 'AU LEON', 'AU LEON', 3);
INSERT INTO public.lms_municipality (municipality_id, active, name, constant, district_id) VALUES (233, true, 'LA CAYE', 'LA CAYE', 3);
INSERT INTO public.lms_municipality (municipality_id, active, name, constant, district_id) VALUES (234, true, 'LA RESSOURCE', 'LA RESSOURCE', 3);
INSERT INTO public.lms_municipality (municipality_id, active, name, constant, district_id) VALUES (235, true, 'DESPINOZE', 'DESPINOZE', 3);
INSERT INTO public.lms_municipality (municipality_id, active, name, constant, district_id) VALUES (236, true, 'DELAIDE', 'DELAIDE', 3);
INSERT INTO public.lms_municipality (municipality_id, active, name, constant, district_id) VALUES (237, true, 'DENNERY BY PASS/GREEN MOUNTAIN', 'DENNERY BY PASS/GREEN MOUNTAIN', 3);
INSERT INTO public.lms_municipality (municipality_id, active, name, constant, district_id) VALUES (238, true, 'DENNERY BY PASS/ROCKY LANE', 'DENNERY BY PASS/ROCKY LANE', 3);
INSERT INTO public.lms_municipality (municipality_id, active, name, constant, district_id) VALUES (239, true, 'DENNERY VILLAGE', 'DENNERY VILLAGE', 3);
INSERT INTO public.lms_municipality (municipality_id, active, name, constant, district_id) VALUES (240, true, 'FOND D''OR', 'FOND D''OR', 3);
INSERT INTO public.lms_municipality (municipality_id, active, name, constant, district_id) VALUES (241, true, 'GLAVIER', 'GLAVIER', 3);
INSERT INTO public.lms_municipality (municipality_id, active, name, constant, district_id) VALUES (242, true, 'DERNIERE RIVIERE/FOND MARICIENT', 'DERNIERE RIVIERE/FOND MARICIENT', 3);
INSERT INTO public.lms_municipality (municipality_id, active, name, constant, district_id) VALUES (243, true, 'LA POINTE', 'LA POINTE', 3);
INSERT INTO public.lms_municipality (municipality_id, active, name, constant, district_id) VALUES (244, true, 'LA SORCIERE', 'LA SOCIERE', 3);
INSERT INTO public.lms_municipality (municipality_id, active, name, constant, district_id) VALUES (245, true, 'BARA BARA', 'BARA BARA', 3);
INSERT INTO public.lms_municipality (municipality_id, active, name, constant, district_id) VALUES (246, true, 'MOUNT BEAUJOLAIS', 'MOUNT BEAUJOLAIS', 3);
INSERT INTO public.lms_municipality (municipality_id, active, name, constant, district_id) VALUES (247, true, 'ATHENS', 'ATHENS', 3);
INSERT INTO public.lms_municipality (municipality_id, active, name, constant, district_id) VALUES (248, true, 'DERNIERE RIVIERE/MORNE PANACHE', 'DERNIERE RIVIERE/MORNE PANACHE', 3);
INSERT INTO public.lms_municipality (municipality_id, active, name, constant, district_id) VALUES (249, true, 'GRANDE RIVIERE/DES BRANCH', 'GRANDE RIVIERE/DES BRANCH', 3);
INSERT INTO public.lms_municipality (municipality_id, active, name, constant, district_id) VALUES (250, true, 'GRANDE RIVIERE/EN LEUR MORNE/DISCOMPERE', 'GRANDE RIVIERE/EN LEUR MORNE/DISCOMPERE', 3);
INSERT INTO public.lms_municipality (municipality_id, active, name, constant, district_id) VALUES (251, true, 'GRANDE RIVIERE', 'GRANDE RIVIERE', 3);
INSERT INTO public.lms_municipality (municipality_id, active, name, constant, district_id) VALUES (252, true, 'GRANDE RIVIERE/FUNIER', 'GRANDE RIVIERE/FUNIER', 3);
INSERT INTO public.lms_municipality (municipality_id, active, name, constant, district_id) VALUES (253, true, 'MORNE PANACHE', 'MORNE PANACHE', 3);
INSERT INTO public.lms_municipality (municipality_id, active, name, constant, district_id) VALUES (254, true, 'BARRE DE L''ISLE', 'BARRE DE L''ISLE', 3);
INSERT INTO public.lms_municipality (municipality_id, active, name, constant, district_id) VALUES (255, true, 'THOMAZO/TOURNESSE', 'THOMAZO/TOURNESSE', 3);
INSERT INTO public.lms_municipality (municipality_id, active, name, constant, district_id) VALUES (256, true, 'RICHE FOND/NEW VILLAGE', 'RICHE FOND/NEW VILLAGE', 3);
INSERT INTO public.lms_municipality (municipality_id, active, name, constant, district_id) VALUES (257, true, 'RICHE FOND/LA BELLE VIE', 'RICHE FOND/LA BELLE VIE', 3);
INSERT INTO public.lms_municipality (municipality_id, active, name, constant, district_id) VALUES (258, true, 'DERNIERE RIVIERE/MARDI GRAS/MORNE CACA COCHON', 'DERNIERE RIVIERE/MARDI GRAS/MORNE CACA COCHON', 3);
INSERT INTO public.lms_municipality (municipality_id, active, name, constant, district_id) VALUES (259, true, 'DERNIERE RIVIERE/FOND PETIT', 'DERNIERE RIVIERE/FOND PETIT', 3);
INSERT INTO public.lms_municipality (municipality_id, active, name, constant, district_id) VALUES (260, true, 'ANSE CANOT', 'ANSE CANOT', 3);
INSERT INTO public.lms_municipality (municipality_id, active, name, constant, district_id) VALUES (261, true, 'MANDELE', 'MANDELE', 3);
INSERT INTO public.lms_municipality (municipality_id, active, name, constant, district_id) VALUES (262, true, 'BORDELAIS', 'BORDELAIS', 3);
INSERT INTO public.lms_municipality (municipality_id, active, name, constant, district_id) VALUES (263, true, 'PASCAL', 'PASCAL', 3);
INSERT INTO public.lms_municipality (municipality_id, active, name, constant, district_id) VALUES (264, true, 'ST. JOSEPH ESTATE', 'ST. JOSEPH ESTATE', 3);
INSERT INTO public.lms_municipality (municipality_id, active, name, constant, district_id) VALUES (265, true, 'VILLAGE', 'VILLAGE', 10);
INSERT INTO public.lms_municipality (municipality_id, active, name, constant, district_id) VALUES (266, true, 'DES BOTTES', 'DES BOTTES', 10);
INSERT INTO public.lms_municipality (municipality_id, active, name, constant, district_id) VALUES (267, true, 'RIVERSIDE ROAD', 'RIVERSIDE ROAD', 10);
INSERT INTO public.lms_municipality (municipality_id, active, name, constant, district_id) VALUES (268, true, 'MORNE SIQUOT', 'MORNE SIQUOT', 10);
INSERT INTO public.lms_municipality (municipality_id, active, name, constant, district_id) VALUES (269, true, 'CHALON', 'CHALON', 10);
INSERT INTO public.lms_municipality (municipality_id, active, name, constant, district_id) VALUES (270, true, 'ANSE COCHON', 'ANSE COCHON', 10);
INSERT INTO public.lms_municipality (municipality_id, active, name, constant, district_id) VALUES (271, true, 'CHATIN', 'CHATIN', 10);
INSERT INTO public.lms_municipality (municipality_id, active, name, constant, district_id) VALUES (272, true, 'BELVEDERE', 'BELVEDERE', 10);
INSERT INTO public.lms_municipality (municipality_id, active, name, constant, district_id) VALUES (273, true, 'ANSE GALET', 'ANSE GALET', 10);
INSERT INTO public.lms_municipality (municipality_id, active, name, constant, district_id) VALUES (274, true, 'PITON FLORE', 'PITON FLORE', 2);
INSERT INTO public.lms_municipality (municipality_id, active, name, constant, district_id) VALUES (275, true, 'HILL 20/BABONNEAU', 'HILL 20/BABONNEAU', 2);
INSERT INTO public.lms_municipality (municipality_id, active, name, constant, district_id) VALUES (276, true, 'SAND DE FEU', 'SAND DE FEU', 2);
INSERT INTO public.lms_municipality (municipality_id, active, name, constant, district_id) VALUES (277, true, 'MIAMI/BEXON', 'MIAMI/BEXON', 2);
INSERT INTO public.lms_municipality (municipality_id, active, name, constant, district_id) VALUES (278, true, 'FORESTIERE', 'FORESTIERE', 2);
INSERT INTO public.lms_municipality (municipality_id, active, name, constant, district_id) VALUES (279, true, 'TI ROCHER', 'TI ROCHER', 2);
INSERT INTO public.lms_municipality (municipality_id, active, name, constant, district_id) VALUES (280, true, 'RAVINE POISSON', 'RAVINE POISSON', 2);
INSERT INTO public.lms_municipality (municipality_id, active, name, constant, district_id) VALUES (281, true, 'LABAYEE', 'LABAYEE', 2);
INSERT INTO public.lms_municipality (municipality_id, active, name, constant, district_id) VALUES (282, true, 'SAROT', 'SAROT', 2);
INSERT INTO public.lms_municipality (municipality_id, active, name, constant, district_id) VALUES (283, true, 'CHOPPIN', 'CHOPPIN RIDGE/SAROT', 2);
INSERT INTO public.lms_municipality (municipality_id, active, name, constant, district_id) VALUES (284, true, 'BARRE DUCHAUSSEE', 'BARRE DUCHAUSSEE', 2);
INSERT INTO public.lms_municipality (municipality_id, active, name, constant, district_id) VALUES (285, true, 'BELAIR', 'BELAIR', 2);
INSERT INTO public.lms_municipality (municipality_id, active, name, constant, district_id) VALUES (286, true, 'COOLIE TOWN', 'COOLIE TOWN', 2);
INSERT INTO public.lms_municipality (municipality_id, active, name, constant, district_id) VALUES (287, true, 'PEROU', 'PEROU', 2);
INSERT INTO public.lms_municipality (municipality_id, active, name, constant, district_id) VALUES (288, true, 'FOND MANGER', 'FOND MANGER', 2);
INSERT INTO public.lms_municipality (municipality_id, active, name, constant, district_id) VALUES (289, true, 'BARRE DENIS', 'BARRE DENIS', 2);
INSERT INTO public.lms_municipality (municipality_id, active, name, constant, district_id) VALUES (290, true, 'MARIGOT', 'MARIGOT', 2);
INSERT INTO public.lms_municipality (municipality_id, active, name, constant, district_id) VALUES (291, true, 'LA CROIX MAINGOT', 'LA CROIX MAINGOT', 2);
INSERT INTO public.lms_municipality (municipality_id, active, name, constant, district_id) VALUES (292, true, 'TI COLON', 'TI COLON', 2);
INSERT INTO public.lms_municipality (municipality_id, active, name, constant, district_id) VALUES (293, true, 'TOURAT/SOUCIS', 'TOURAT/SOUCIS', 2);
INSERT INTO public.lms_municipality (municipality_id, active, name, constant, district_id) VALUES (294, true, 'SOUCIS', 'SOUCIS', 2);
INSERT INTO public.lms_municipality (municipality_id, active, name, constant, district_id) VALUES (295, true, 'ODSAN', 'ODSAN', 2);
INSERT INTO public.lms_municipality (municipality_id, active, name, constant, district_id) VALUES (296, true, 'DEGLOS', 'DEGLOS', 2);
INSERT INTO public.lms_municipality (municipality_id, active, name, constant, district_id) VALUES (297, true, 'BEXON', 'BEXON', 2);
INSERT INTO public.lms_municipality (municipality_id, active, name, constant, district_id) VALUES (298, true, 'FLOISSAC/MARC', 'FLOISSAC/MARC', 2);
INSERT INTO public.lms_municipality (municipality_id, active, name, constant, district_id) VALUES (299, true, 'TROIS PITON', 'TROIS PITON', 2);
INSERT INTO public.lms_municipality (municipality_id, active, name, constant, district_id) VALUES (300, true, 'DUBRASSAY', 'DUBRASSAY', 2);
INSERT INTO public.lms_municipality (municipality_id, active, name, constant, district_id) VALUES (301, true, 'FERRAND', 'FERRAND', 2);
INSERT INTO public.lms_municipality (municipality_id, active, name, constant, district_id) VALUES (302, true, 'GUESNEAU', 'GUESNEAU', 2);
INSERT INTO public.lms_municipality (municipality_id, active, name, constant, district_id) VALUES (303, true, 'BOCAGE', 'BOCAGE', 2);
INSERT INTO public.lms_municipality (municipality_id, active, name, constant, district_id) VALUES (304, true, 'FOND CANIE', 'FOND CANIE', 2);
INSERT INTO public.lms_municipality (municipality_id, active, name, constant, district_id) VALUES (305, true, 'CACOA/BABONNEAU', 'CACOA/BABONNEAU', 2);
INSERT INTO public.lms_municipality (municipality_id, active, name, constant, district_id) VALUES (306, true, 'GREEN GOLD/BABONNEAU', 'GREEN GOLD', 2);
INSERT INTO public.lms_municipality (municipality_id, active, name, constant, district_id) VALUES (307, true, 'AGARD LANDS', 'AGARD LANDS/MORNE DUDON', 2);
INSERT INTO public.lms_municipality (municipality_id, active, name, constant, district_id) VALUES (308, true, 'MORNE DUDON', 'MORNE DUDON', 2);
INSERT INTO public.lms_municipality (municipality_id, active, name, constant, district_id) VALUES (309, true, 'HILLCREST GARDENS', 'HILLCREST GARDENS', 2);
INSERT INTO public.lms_municipality (municipality_id, active, name, constant, district_id) VALUES (310, true, 'CARELLIE', 'CARELLIE', 2);
INSERT INTO public.lms_municipality (municipality_id, active, name, constant, district_id) VALUES (311, true, 'LA PANSEE', 'LA PANSEE', 2);
INSERT INTO public.lms_municipality (municipality_id, active, name, constant, district_id) VALUES (312, true, 'CHASE GARDENS', 'CHASE GARDENS', 2);
INSERT INTO public.lms_municipality (municipality_id, active, name, constant, district_id) VALUES (313, true, 'BISSEE', 'BISSEE', 2);
INSERT INTO public.lms_municipality (municipality_id, active, name, constant, district_id) VALUES (314, true, 'YORKE HILL', 'YORKE HILL', 2);
INSERT INTO public.lms_municipality (municipality_id, active, name, constant, district_id) VALUES (315, true, 'ACTIVE HILL', 'ACTIVE HILL', 2);
INSERT INTO public.lms_municipality (municipality_id, active, name, constant, district_id) VALUES (316, true, 'SUMMERSDALE', 'SUMMERSDALE', 2);
INSERT INTO public.lms_municipality (municipality_id, active, name, constant, district_id) VALUES (317, true, 'VIDE BOUTEILLE', 'VIDE BOUTEILLE', 2);
INSERT INTO public.lms_municipality (municipality_id, active, name, constant, district_id) VALUES (318, true, 'BARNARD HILL', 'BARNARD HILL', 2);
INSERT INTO public.lms_municipality (municipality_id, active, name, constant, district_id) VALUES (319, true, 'STONEFIELD', 'STONEFIELD', 9);
INSERT INTO public.lms_municipality (municipality_id, active, name, constant, district_id) VALUES (320, true, 'SUNNY ACRES', 'SUNNY ACRES', 2);
INSERT INTO public.lms_municipality (municipality_id, active, name, constant, district_id) VALUES (321, true, 'POINTE SERAPHINE', 'POINTE SERAPHINE', 2);
INSERT INTO public.lms_municipality (municipality_id, active, name, constant, district_id) VALUES (322, true, 'CITY GATE', 'CITY GATE/LA CLERY', 2);
INSERT INTO public.lms_municipality (municipality_id, active, name, constant, district_id) VALUES (323, true, 'JOHN COMPTON HIGHWAY', 'JOHN COMPTON HIGHWAY', 2);
INSERT INTO public.lms_municipality (municipality_id, active, name, constant, district_id) VALUES (324, true, 'LANSE ROAD', 'L''ANSE ROAD', 2);
INSERT INTO public.lms_municipality (municipality_id, active, name, constant, district_id) VALUES (325, true, 'SAN SOUCI', 'SAN SOUCIS', 2);
INSERT INTO public.lms_municipality (municipality_id, active, name, constant, district_id) VALUES (326, true, 'LA CARIERRE', 'LA CARIERRE', 2);
INSERT INTO public.lms_municipality (municipality_id, active, name, constant, district_id) VALUES (327, true, 'CONWAY', 'CONWAY/WATERFRONT', 2);
INSERT INTO public.lms_municipality (municipality_id, active, name, constant, district_id) VALUES (328, true, 'CALVARY', 'CALVARY', 2);
INSERT INTO public.lms_municipality (municipality_id, active, name, constant, district_id) VALUES (329, true, 'DARLING ROAD', 'DARLING ROAD', 2);
INSERT INTO public.lms_municipality (municipality_id, active, name, constant, district_id) VALUES (330, true, 'CITY', 'CITY', 2);
INSERT INTO public.lms_municipality (municipality_id, active, name, constant, district_id) VALUES (331, true, 'GEORGEVILLE', 'GOERGEVILLE', 2);
INSERT INTO public.lms_municipality (municipality_id, active, name, constant, district_id) VALUES (332, true, 'MOUNT PLEASANT', 'MOUNT PLEASANT', 2);
INSERT INTO public.lms_municipality (municipality_id, active, name, constant, district_id) VALUES (333, true, 'LA CLERY', 'LA CLERY', 2);
INSERT INTO public.lms_municipality (municipality_id, active, name, constant, district_id) VALUES (334, true, 'NEW VILLAGE', 'NEW VILLAGE', 2);
INSERT INTO public.lms_municipality (municipality_id, active, name, constant, district_id) VALUES (335, true, 'PEARTS GAP', 'PEART''S GAP', 2);
INSERT INTO public.lms_municipality (municipality_id, active, name, constant, district_id) VALUES (336, true, 'WILTON''S YARD/GRAVE YARD', 'WILTON''S YARD/GRAVE YARD', 2);
INSERT INTO public.lms_municipality (municipality_id, active, name, constant, district_id) VALUES (337, true, 'LESLIE LAND', 'LESLIE LAND', 2);
INSERT INTO public.lms_municipality (municipality_id, active, name, constant, district_id) VALUES (338, true, 'ROSE HILL', 'ROSE HILL', 2);
INSERT INTO public.lms_municipality (municipality_id, active, name, constant, district_id) VALUES (339, true, 'BOIS PATAT', 'BOIS PATAT', 2);
INSERT INTO public.lms_municipality (municipality_id, active, name, constant, district_id) VALUES (340, true, 'LASTIC HILL', 'LASTIC HILL', 2);
INSERT INTO public.lms_municipality (municipality_id, active, name, constant, district_id) VALUES (341, true, 'PATTERSON''S GAP', 'PATTERSON''S GAP', 2);
INSERT INTO public.lms_municipality (municipality_id, active, name, constant, district_id) VALUES (342, true, 'HOSPITAL ROAD', 'HOSPITAL ROAD', 2);
INSERT INTO public.lms_municipality (municipality_id, active, name, constant, district_id) VALUES (343, true, 'BANANNES BAY', 'BANANNES BAY', 2);
INSERT INTO public.lms_municipality (municipality_id, active, name, constant, district_id) VALUES (344, true, 'TAPION', 'TAPION', 2);
INSERT INTO public.lms_municipality (municipality_id, active, name, constant, district_id) VALUES (345, true, 'CEDARS', 'CEDARS', 2);
INSERT INTO public.lms_municipality (municipality_id, active, name, constant, district_id) VALUES (346, true, 'RAVINE CHABOT', 'RAVINE CHABOT', 2);
INSERT INTO public.lms_municipality (municipality_id, active, name, constant, district_id) VALUES (347, true, 'INDEPENDENCE CITY', 'INDEPENDENCE CITY', 2);
INSERT INTO public.lms_municipality (municipality_id, active, name, constant, district_id) VALUES (348, true, 'SUNBILT', 'SUNBILT', 2);
INSERT INTO public.lms_municipality (municipality_id, active, name, constant, district_id) VALUES (349, true, 'ENTREPOT', 'ENTREPOT', 2);
INSERT INTO public.lms_municipality (municipality_id, active, name, constant, district_id) VALUES (350, true, 'MORNE ROUGE/MARC', 'MORNE ROUGE/MARC', 2);
INSERT INTO public.lms_municipality (municipality_id, active, name, constant, district_id) VALUES (351, true, 'CABICHE/BABONNEAU', 'CABICHE/BABONNEAU', 2);
INSERT INTO public.lms_municipality (municipality_id, active, name, constant, district_id) VALUES (352, true, 'ALMONDALE', 'ALMONDALE', 2);
INSERT INTO public.lms_municipality (municipality_id, active, name, constant, district_id) VALUES (353, true, 'BAGATELLE', 'BAGATELLE', 2);
INSERT INTO public.lms_municipality (municipality_id, active, name, constant, district_id) VALUES (354, true, 'QUATRE CHEMINS', 'QUARTE CHEMINS', 2);
INSERT INTO public.lms_municipality (municipality_id, active, name, constant, district_id) VALUES (355, true, 'DERIERRE FORT/OLD VICTORIA ROAD', 'DERIERRE FORT/OLD VICTORIA ROAD', 2);
INSERT INTO public.lms_municipality (municipality_id, active, name, constant, district_id) VALUES (356, true, 'CAPITAL HILL', 'CAPITAL HILL', 2);
INSERT INTO public.lms_municipality (municipality_id, active, name, constant, district_id) VALUES (357, true, 'LA TOC', 'LA TOC', 2);
INSERT INTO public.lms_municipality (municipality_id, active, name, constant, district_id) VALUES (358, true, 'BISHOP''S GAP/GHIRAWOO ROAD', 'BISHOP''S GAP', 2);
INSERT INTO public.lms_municipality (municipality_id, active, name, constant, district_id) VALUES (359, true, 'AURENDEL HILL', 'AURENDEL HILL', 2);
INSERT INTO public.lms_municipality (municipality_id, active, name, constant, district_id) VALUES (360, true, 'GEORGE CHARLES BOULEVARD', 'GEORGE CHARLES BOULEVARD', 2);
INSERT INTO public.lms_municipality (municipality_id, active, name, constant, district_id) VALUES (361, true, 'MARCHAND', 'MARCHAND', 2);
INSERT INTO public.lms_municipality (municipality_id, active, name, constant, district_id) VALUES (362, true, 'RAVINE TOUTERELLE', 'RAVINE TOUTERELLE', 2);
INSERT INTO public.lms_municipality (municipality_id, active, name, constant, district_id) VALUES (363, true, 'BLACK MALLET', 'BLACK MALLET', 2);
INSERT INTO public.lms_municipality (municipality_id, active, name, constant, district_id) VALUES (364, true, 'TROU ROUGE', 'TROU ROUGE', 2);
INSERT INTO public.lms_municipality (municipality_id, active, name, constant, district_id) VALUES (365, true, 'FAUX A CHAUD', 'FAUX A CHAUD', 2);
INSERT INTO public.lms_municipality (municipality_id, active, name, constant, district_id) VALUES (366, true, 'BELLA ROSA', 'BELLA ROSA', 2);
INSERT INTO public.lms_municipality (municipality_id, active, name, constant, district_id) VALUES (367, true, 'COUBARIL', 'COUBARIL', 2);
INSERT INTO public.lms_municipality (municipality_id, active, name, constant, district_id) VALUES (368, true, 'MONKEY TOWN/CICERON', 'MONKEY TOWN CICERON', 2);
INSERT INTO public.lms_municipality (municipality_id, active, name, constant, district_id) VALUES (369, true, 'GOODLANDS', 'GOODLANDS', 2);
INSERT INTO public.lms_municipality (municipality_id, active, name, constant, district_id) VALUES (370, true, 'ROCK HALL', 'ROCK HALL', 2);
INSERT INTO public.lms_municipality (municipality_id, active, name, constant, district_id) VALUES (371, true, 'MORNE ROAD', 'MORNE ROAD', 2);
INSERT INTO public.lms_municipality (municipality_id, active, name, constant, district_id) VALUES (372, true, 'THE MORNE', 'THE MORNE', 2);
INSERT INTO public.lms_municipality (municipality_id, active, name, constant, district_id) VALUES (373, true, 'BOIS CATCHET', 'BOIS CATCHET', 2);
INSERT INTO public.lms_municipality (municipality_id, active, name, constant, district_id) VALUES (374, true, 'PAVEE', 'PAVEE', 2);
INSERT INTO public.lms_municipality (municipality_id, active, name, constant, district_id) VALUES (375, true, 'PARKER''S HILL', 'PARKER''S HILL', 2);
INSERT INTO public.lms_municipality (municipality_id, active, name, constant, district_id) VALUES (376, true, 'MAYNARD HILL', 'MAYNARD HILL', 2);
INSERT INTO public.lms_municipality (municipality_id, active, name, constant, district_id) VALUES (377, true, 'WATERWORKS', 'WATERWORKS', 2);
INSERT INTO public.lms_municipality (municipality_id, active, name, constant, district_id) VALUES (378, true, 'GRASS STREET', 'GRASS STREET', 2);
INSERT INTO public.lms_municipality (municipality_id, active, name, constant, district_id) VALUES (379, true, 'CICERON', 'CICERON', 2);
INSERT INTO public.lms_municipality (municipality_id, active, name, constant, district_id) VALUES (380, true, 'MARC', 'MARC', 2);
INSERT INTO public.lms_municipality (municipality_id, active, name, constant, district_id) VALUES (381, true, 'TROU COCHON/MARC', 'TROU COCHAN/MARC', 2);
INSERT INTO public.lms_municipality (municipality_id, active, name, constant, district_id) VALUES (382, true, 'TROU FLORENT/MARC', 'TROU FLORENT/MARC', 2);
INSERT INTO public.lms_municipality (municipality_id, active, name, constant, district_id) VALUES (383, true, 'UNION VALE', 'UNION VALE', 9);
INSERT INTO public.lms_municipality (municipality_id, active, name, constant, district_id) VALUES (384, true, 'CENAC', 'CENAC', 9);
INSERT INTO public.lms_municipality (municipality_id, active, name, constant, district_id) VALUES (385, true, 'MORNE TABAC', 'MORNE TABAC', 9);
INSERT INTO public.lms_municipality (municipality_id, active, name, constant, district_id) VALUES (386, true, 'COLOMBETTE', 'COLOMBETTE', 9);
INSERT INTO public.lms_municipality (municipality_id, active, name, constant, district_id) VALUES (387, true, 'MAL MAISON', 'MAL MAISON', 9);
INSERT INTO public.lms_municipality (municipality_id, active, name, constant, district_id) VALUES (388, true, 'BOUTON', 'BOUTON', 9);
INSERT INTO public.lms_municipality (municipality_id, active, name, constant, district_id) VALUES (389, true, 'MORNE LASTIC', 'MORNE LASTIC/DESRUISSEAUX', 9);
INSERT INTO public.lms_municipality (municipality_id, active, name, constant, district_id) VALUES (390, true, 'FOND BERNIER', 'FOND BERNIER', 9);
INSERT INTO public.lms_municipality (municipality_id, active, name, constant, district_id) VALUES (391, true, 'LA HAUT', 'LA HAUT', 9);
INSERT INTO public.lms_municipality (municipality_id, active, name, constant, district_id) VALUES (392, true, 'SAPPHIRE', 'SAPPHIRE', 9);
INSERT INTO public.lms_municipality (municipality_id, active, name, constant, district_id) VALUES (393, true, 'PLAT PAYS', 'PLAT PAYS', 9);
INSERT INTO public.lms_municipality (municipality_id, active, name, constant, district_id) VALUES (394, true, 'PALMISTE', 'PALMISTE', 9);
INSERT INTO public.lms_municipality (municipality_id, active, name, constant, district_id) VALUES (395, true, 'TOWN', 'TOWN', 9);
INSERT INTO public.lms_municipality (municipality_id, active, name, constant, district_id) VALUES (396, true, 'NEW DEVELOPMENT', 'NEW DEVELOPMENT', 9);
INSERT INTO public.lms_municipality (municipality_id, active, name, constant, district_id) VALUES (397, true, 'BARON''S DRIVE/COIN DE L''ANSE', 'BARONS DRIVE/COIN DE L''ANSE', 9);
INSERT INTO public.lms_municipality (municipality_id, active, name, constant, district_id) VALUES (398, true, 'LENNY HILL', 'LENNY HILL', 9);
INSERT INTO public.lms_municipality (municipality_id, active, name, constant, district_id) VALUES (399, true, 'CALVARY/CALVAIRE', 'CALVARY/CALVAIRE', 9);
INSERT INTO public.lms_municipality (municipality_id, active, name, constant, district_id) VALUES (400, true, 'SOUFRIERE ESTATE', 'SOUFRIERE ESTATE', 9);
INSERT INTO public.lms_municipality (municipality_id, active, name, constant, district_id) VALUES (401, true, 'DIAMOND/DIAMOND ESTATE', 'DIAMOND/DIAMOND ESTATE', 9);
INSERT INTO public.lms_municipality (municipality_id, active, name, constant, district_id) VALUES (402, true, 'FOND CACOA', 'FOND CACOA', 9);
INSERT INTO public.lms_municipality (municipality_id, active, name, constant, district_id) VALUES (403, true, 'RUBY ESTATE', 'RUBY ESTATE', 9);
INSERT INTO public.lms_municipality (municipality_id, active, name, constant, district_id) VALUES (404, true, 'LA PEARLE', 'LA PEARLE', 9);
INSERT INTO public.lms_municipality (municipality_id, active, name, constant, district_id) VALUES (405, true, 'DESCOLONS', 'DESCOLONS', 9);
INSERT INTO public.lms_municipality (municipality_id, active, name, constant, district_id) VALUES (406, true, 'ESPERANCE', 'ESPERANCE', 9);
INSERT INTO public.lms_municipality (municipality_id, active, name, constant, district_id) VALUES (407, true, 'RAVINE CLAIRE', 'RAVINE CLAIRE', 9);
INSERT INTO public.lms_municipality (municipality_id, active, name, constant, district_id) VALUES (408, true, 'MALGRETOUTE', 'MALGRETOUTE', 9);
INSERT INTO public.lms_municipality (municipality_id, active, name, constant, district_id) VALUES (409, true, 'COUBARIL ESTATE', 'COUBARIL ESTATE', 9);
INSERT INTO public.lms_municipality (municipality_id, active, name, constant, district_id) VALUES (410, true, 'COMPAR', 'COMPAR', 9);
INSERT INTO public.lms_municipality (municipality_id, active, name, constant, district_id) VALUES (411, true, 'FOND DOUX', 'FOND DOUX', 9);
INSERT INTO public.lms_municipality (municipality_id, active, name, constant, district_id) VALUES (412, true, 'JALOUSIE', 'JALOUSIE', 9);
INSERT INTO public.lms_municipality (municipality_id, active, name, constant, district_id) VALUES (413, true, 'TI DELCER', 'TI DELCER', 9);
INSERT INTO public.lms_municipality (municipality_id, active, name, constant, district_id) VALUES (414, true, 'CHATEAU BELAIR', 'CHATEAU BELAIR', 9);
INSERT INTO public.lms_municipality (municipality_id, active, name, constant, district_id) VALUES (415, true, 'FOND GENS LIBRE', 'FOND GENS LIBRE', 9);
INSERT INTO public.lms_municipality (municipality_id, active, name, constant, district_id) VALUES (416, true, 'GROS PITON', 'GROS PITON', 9);
INSERT INTO public.lms_municipality (municipality_id, active, name, constant, district_id) VALUES (417, true, 'PETIT PITON', 'TI DELCER', 9);
INSERT INTO public.lms_municipality (municipality_id, active, name, constant, district_id) VALUES (418, true, 'MORNE LA CROIX', 'MORNE LA CROIX', 9);
INSERT INTO public.lms_municipality (municipality_id, active, name, constant, district_id) VALUES (419, true, 'DEVILLE', 'DEVILLE', 9);
INSERT INTO public.lms_municipality (municipality_id, active, name, constant, district_id) VALUES (420, true, 'MORNE LE BLANC', 'MORNE LE BLANC', 7);
INSERT INTO public.lms_municipality (municipality_id, active, name, constant, district_id) VALUES (421, true, 'ETANGS', 'ETANGS', 9);
INSERT INTO public.lms_municipality (municipality_id, active, name, constant, district_id) VALUES (422, true, 'ST REMY ESTATE', 'ST REMY ESTATE', 9);
INSERT INTO public.lms_municipality (municipality_id, active, name, constant, district_id) VALUES (423, true, 'LA DAUPHINE ESTATE', 'LA DAUPHINE', 9);
INSERT INTO public.lms_municipality (municipality_id, active, name, constant, district_id) VALUES (424, true, 'RABOT', 'RABOT', 9);
INSERT INTO public.lms_municipality (municipality_id, active, name, constant, district_id) VALUES (425, true, 'BELLE PLAIN', 'BELLE PLAINE', 9);
INSERT INTO public.lms_municipality (municipality_id, active, name, constant, district_id) VALUES (426, true, 'BOIS D''INDE', 'BOIS D''INDE', 9);
INSERT INTO public.lms_municipality (municipality_id, active, name, constant, district_id) VALUES (427, true, 'MOCHA', 'MOCHA', 9);
INSERT INTO public.lms_municipality (municipality_id, active, name, constant, district_id) VALUES (428, true, 'TORAILLE', 'TORAILLE', 9);
INSERT INTO public.lms_municipality (municipality_id, active, name, constant, district_id) VALUES (429, true, 'ZENON', 'ZENON', 9);
INSERT INTO public.lms_municipality (municipality_id, active, name, constant, district_id) VALUES (430, true, 'TI BOUG', 'TI BOUG', 9);
INSERT INTO public.lms_municipality (municipality_id, active, name, constant, district_id) VALUES (431, true, 'ST PHILLIP', 'ST PHILLIP', 9);
INSERT INTO public.lms_municipality (municipality_id, active, name, constant, district_id) VALUES (432, true, 'BELVEDERE', 'BELVEDERE', 9);
INSERT INTO public.lms_municipality (municipality_id, active, name, constant, district_id) VALUES (433, true, 'MIGNY', 'MIGNY', 9);
INSERT INTO public.lms_municipality (municipality_id, active, name, constant, district_id) VALUES (434, true, 'TERRE BLANCHE', 'TERRE BLANCHE', 9);
INSERT INTO public.lms_municipality (municipality_id, active, name, constant, district_id) VALUES (435, true, 'BEAUSEJOUR/MYERS BRIDGE', 'BEASEJOUR/MYERS BRIDGE', 9);
INSERT INTO public.lms_municipality (municipality_id, active, name, constant, district_id) VALUES (436, true, 'BELFOND', 'BELLEFOND', 9);
INSERT INTO public.lms_municipality (municipality_id, active, name, constant, district_id) VALUES (437, true, 'SULPHUR SPRINGS', 'SULPHUR SPRINGS', 9);
INSERT INTO public.lms_municipality (municipality_id, active, name, constant, district_id) VALUES (438, true, 'CRESSLANDS', 'CRESSLANDS', 9);
INSERT INTO public.lms_municipality (municipality_id, active, name, constant, district_id) VALUES (439, true, 'MORNE BONIN', 'MORNE BONIN', 9);
INSERT INTO public.lms_municipality (municipality_id, active, name, constant, district_id) VALUES (440, true, 'KENNEDY HIGHWAY', 'KENNEDY HIGHWAY/LABORIE BYPASS', 7);
INSERT INTO public.lms_municipality (municipality_id, active, name, constant, district_id) VALUES (441, true, 'RAVENEAU', 'RAVENEAU', 8);
INSERT INTO public.lms_municipality (municipality_id, active, name, constant, district_id) VALUES (442, true, 'LAMAZE', 'LAMAZE', 8);
INSERT INTO public.lms_municipality (municipality_id, active, name, constant, district_id) VALUES (443, true, 'MONZIE', 'MONZIE', 8);
INSERT INTO public.lms_municipality (municipality_id, active, name, constant, district_id) VALUES (444, true, 'ROBLOT', 'ROBLOT', 8);
INSERT INTO public.lms_municipality (municipality_id, active, name, constant, district_id) VALUES (445, true, 'CEDARS/CHU TIGRE', 'CEDARS/CHU TIGRE', 8);
INSERT INTO public.lms_municipality (municipality_id, active, name, constant, district_id) VALUES (446, true, 'RIVER DOREE', 'RIVER DOREE', 8);
INSERT INTO public.lms_municipality (municipality_id, active, name, constant, district_id) VALUES (447, true, 'LA FARGUE', 'LA FARGUE', 8);
INSERT INTO public.lms_municipality (municipality_id, active, name, constant, district_id) VALUES (448, true, 'VILLAGE', 'VILLAGE', 7);
INSERT INTO public.lms_municipality (municipality_id, active, name, constant, district_id) VALUES (449, true, 'EN LEUR BA/BALCA', 'BALCA/EN LEUR BA', 7);
INSERT INTO public.lms_municipality (municipality_id, active, name, constant, district_id) VALUES (450, true, 'AUGIER', 'AUGIER', 6);
INSERT INTO public.lms_municipality (municipality_id, active, name, constant, district_id) VALUES (451, true, 'POMME', 'POMME', 6);
INSERT INTO public.lms_municipality (municipality_id, active, name, constant, district_id) VALUES (452, true, 'DERIERRE BOIS', 'DERIERRE BOIS', 6);
INSERT INTO public.lms_municipality (municipality_id, active, name, constant, district_id) VALUES (453, true, 'CHRISTIAN HILL', 'CHRISTIAN HILL', 8);
INSERT INTO public.lms_municipality (municipality_id, active, name, constant, district_id) VALUES (454, true, 'REUNION', 'REUNION', 8);
INSERT INTO public.lms_municipality (municipality_id, active, name, constant, district_id) VALUES (455, true, 'VILLAGE', 'VILLAGE', 8);
INSERT INTO public.lms_municipality (municipality_id, active, name, constant, district_id) VALUES (456, true, 'SAVANNES GEORGE/CONSTITUTION PARK', 'SAVANNESGEORGE/CONSTITUTION', 8);
INSERT INTO public.lms_municipality (municipality_id, active, name, constant, district_id) VALUES (457, true, 'SAUZAY', 'SAUZAY', 8);
INSERT INTO public.lms_municipality (municipality_id, active, name, constant, district_id) VALUES (458, true, 'DUPRE', 'DUPRE', 8);
INSERT INTO public.lms_municipality (municipality_id, active, name, constant, district_id) VALUES (459, true, 'MORNE JACQUES', 'MORNE JACQUES', 8);
INSERT INTO public.lms_municipality (municipality_id, active, name, constant, district_id) VALUES (460, true, 'MORNE PALAMA', 'MORNE PALAMA', 8);
INSERT INTO public.lms_municipality (municipality_id, active, name, constant, district_id) VALUES (461, true, 'MONGOUGE', 'MONGOUGE', 8);
INSERT INTO public.lms_municipality (municipality_id, active, name, constant, district_id) VALUES (462, true, 'MARTIN', 'MARTIN', 8);
INSERT INTO public.lms_municipality (municipality_id, active, name, constant, district_id) VALUES (463, true, 'LE RICHE', 'LE RICHE', 8);
INSERT INTO public.lms_municipality (municipality_id, active, name, constant, district_id) VALUES (464, true, 'CANTONEMENT', 'CANTONEMENT', 6);
INSERT INTO public.lms_municipality (municipality_id, active, name, constant, district_id) VALUES (465, true, 'OBRIER', 'OBRIER', 6);
INSERT INTO public.lms_municipality (municipality_id, active, name, constant, district_id) VALUES (466, true, 'ST JUDE''S HIGHWAY', 'ST JUDE''S HIGHWAY', 6);
INSERT INTO public.lms_municipality (municipality_id, active, name, constant, district_id) VALUES (467, true, 'HEWANORRA ORCHARD', 'HEWANORRA ORCHARD', 6);
INSERT INTO public.lms_municipality (municipality_id, active, name, constant, district_id) VALUES (468, true, 'PORTALESE', 'PORT ALESE', 8);
INSERT INTO public.lms_municipality (municipality_id, active, name, constant, district_id) VALUES (469, true, 'PONYON', 'PONYON', 8);
INSERT INTO public.lms_municipality (municipality_id, active, name, constant, district_id) VALUES (471, true, 'INDUSTRY', 'INDUSTRY', 8);
INSERT INTO public.lms_municipality (municipality_id, active, name, constant, district_id) VALUES (472, true, 'ESPERANCE', 'ESPERANCE', 8);
INSERT INTO public.lms_municipality (municipality_id, active, name, constant, district_id) VALUES (473, true, 'MAILLY MOTETE', 'MAILLY MOTETE', 8);
INSERT INTO public.lms_municipality (municipality_id, active, name, constant, district_id) VALUES (474, true, 'DERRIERE MORNE', 'DERRIERE MORNE', 8);
INSERT INTO public.lms_municipality (municipality_id, active, name, constant, district_id) VALUES (475, true, 'TETE MORNE', 'TETE MORNE', 7);
INSERT INTO public.lms_municipality (municipality_id, active, name, constant, district_id) VALUES (476, true, 'BONGALO', 'BONGALO', 7);
INSERT INTO public.lms_municipality (municipality_id, active, name, constant, district_id) VALUES (477, true, 'MORNE LEZARD ESTATE', 'MORNE LEZARD ESTATE', 7);
INSERT INTO public.lms_municipality (municipality_id, active, name, constant, district_id) VALUES (478, true, 'GAYABOIS', 'GAYABOIS', 7);
INSERT INTO public.lms_municipality (municipality_id, active, name, constant, district_id) VALUES (479, true, 'PARC ESTATE', 'PARC ESTATE', 7);
INSERT INTO public.lms_municipality (municipality_id, active, name, constant, district_id) VALUES (480, true, 'DABAN', 'DABAN', 7);
INSERT INTO public.lms_municipality (municipality_id, active, name, constant, district_id) VALUES (481, true, 'WARWICK/DABAN', 'WARWICK/DABAN', 7);
INSERT INTO public.lms_municipality (municipality_id, active, name, constant, district_id) VALUES (482, true, 'GIRAUD', 'GIRAUD', 7);
INSERT INTO public.lms_municipality (municipality_id, active, name, constant, district_id) VALUES (483, true, 'BALCA', 'BALCA', 7);
INSERT INTO public.lms_municipality (municipality_id, active, name, constant, district_id) VALUES (484, true, 'BALEMBOUCHE', 'BALEMBOUCHE', 7);
INSERT INTO public.lms_municipality (municipality_id, active, name, constant, district_id) VALUES (485, true, 'PIAYE', 'PIAYE', 7);
INSERT INTO public.lms_municipality (municipality_id, active, name, constant, district_id) VALUES (486, true, 'LA PERLE', 'LA PERLE', 7);
INSERT INTO public.lms_municipality (municipality_id, active, name, constant, district_id) VALUES (487, true, 'LONDONDERRY', 'LONDONDERRY', 7);
INSERT INTO public.lms_municipality (municipality_id, active, name, constant, district_id) VALUES (488, true, 'GETRINE', 'GETRINE', 7);
INSERT INTO public.lms_municipality (municipality_id, active, name, constant, district_id) VALUES (489, true, 'INDUSTRIAL ESTATE', 'INDUSTRIAL ESTATE', 6);
INSERT INTO public.lms_municipality (municipality_id, active, name, constant, district_id) VALUES (490, true, 'COCOA DAN', 'COCOA DAN', 6);
INSERT INTO public.lms_municipality (municipality_id, active, name, constant, district_id) VALUES (491, true, 'FOND BERANGE', 'FOND BERANGE', 7);
INSERT INTO public.lms_municipality (municipality_id, active, name, constant, district_id) VALUES (492, true, 'OLIBO', 'OLIBO', 7);
INSERT INTO public.lms_municipality (municipality_id, active, name, constant, district_id) VALUES (493, true, 'ANNUS', 'ANNUS', 7);
INSERT INTO public.lms_municipality (municipality_id, active, name, constant, district_id) VALUES (494, true, 'LA HAUT', 'LA HAUT', 7);
INSERT INTO public.lms_municipality (municipality_id, active, name, constant, district_id) VALUES (495, true, 'BANSE LA GRACE', 'BANSE LA GRACE', 7);
INSERT INTO public.lms_municipality (municipality_id, active, name, constant, district_id) VALUES (496, true, 'BANSE', 'BANSE', 7);
INSERT INTO public.lms_municipality (municipality_id, active, name, constant, district_id) VALUES (497, true, 'MACDOMEL', 'MACDOMEL', 7);
INSERT INTO public.lms_municipality (municipality_id, active, name, constant, district_id) VALUES (498, true, 'BEYAR', 'BEYAR', 7);
INSERT INTO public.lms_municipality (municipality_id, active, name, constant, district_id) VALUES (499, true, 'MORNE PAUL', 'MORNE PAUL', 7);
INSERT INTO public.lms_municipality (municipality_id, active, name, constant, district_id) VALUES (500, true, 'GENTIL', 'GENTIL', 7);
INSERT INTO public.lms_municipality (municipality_id, active, name, constant, district_id) VALUES (501, true, 'H''ERELLE', 'H''ERELLE', 7);
INSERT INTO public.lms_municipality (municipality_id, active, name, constant, district_id) VALUES (502, true, 'MORNE GOMIER', 'MORNE GOMIER', 7);
INSERT INTO public.lms_municipality (municipality_id, active, name, constant, district_id) VALUES (503, true, 'WESTALL GROUP/THE MANGUE', 'WESTALL GROUP/THE MANGUE', 6);
INSERT INTO public.lms_municipality (municipality_id, active, name, constant, district_id) VALUES (504, true, 'VIEUX FORT/LABORIE HIGHWAY', 'VIEUX FORT/LABORIE HIGHWAY', 6);
INSERT INTO public.lms_municipality (municipality_id, active, name, constant, district_id) VALUES (505, true, 'CATIN', 'CATIN', 6);
INSERT INTO public.lms_municipality (municipality_id, active, name, constant, district_id) VALUES (506, true, 'BRUCEVILLE/SHANTY TOWN', 'BRUCEVILLE/SHANTY TOWN', 6);
INSERT INTO public.lms_municipality (municipality_id, active, name, constant, district_id) VALUES (507, true, 'MORNE VERT', 'MORNE VERT', 6);
INSERT INTO public.lms_municipality (municipality_id, active, name, constant, district_id) VALUES (508, true, 'MAGANIER', 'MAGANIER', 6);
INSERT INTO public.lms_municipality (municipality_id, active, name, constant, district_id) VALUES (509, true, 'DERIERRE MORNE', 'DERIERRE MORNE', 6);
INSERT INTO public.lms_municipality (municipality_id, active, name, constant, district_id) VALUES (510, true, 'LA TOURNEY/CEDAR HEIGHTS', 'LA TOURNEY/CEDAR HEIGHTS', 6);
INSERT INTO public.lms_municipality (municipality_id, active, name, constant, district_id) VALUES (511, true, 'DOCAMEL/LA RESOURCE', 'DOCAMEL/LA RESOURCE', 6);
INSERT INTO public.lms_municipality (municipality_id, active, name, constant, district_id) VALUES (512, true, 'LA RETRAITE', 'LA RETRAITE', 6);
INSERT INTO public.lms_municipality (municipality_id, active, name, constant, district_id) VALUES (513, true, 'PLUT', 'PLUT', 6);
INSERT INTO public.lms_municipality (municipality_id, active, name, constant, district_id) VALUES (514, true, 'HOPE ESTATE', 'HOPE ESTATE', 6);
INSERT INTO public.lms_municipality (municipality_id, active, name, constant, district_id) VALUES (515, true, 'COOLIE TOWN', 'COOLIE TOWN', 6);
INSERT INTO public.lms_municipality (municipality_id, active, name, constant, district_id) VALUES (516, true, 'CARIERRE', 'CARIERRE', 6);
INSERT INTO public.lms_municipality (municipality_id, active, name, constant, district_id) VALUES (517, true, 'JOYEUX', 'JOYEUX', 6);
INSERT INTO public.lms_municipality (municipality_id, active, name, constant, district_id) VALUES (518, true, 'MORNE CAYENNE', 'MORNE CAYENNE', 6);
INSERT INTO public.lms_municipality (municipality_id, active, name, constant, district_id) VALUES (519, true, 'ESPERANCE', 'ESPERANCE', 6);
INSERT INTO public.lms_municipality (municipality_id, active, name, constant, district_id) VALUES (520, true, 'VIGE''', 'VIGE''', 6);
INSERT INTO public.lms_municipality (municipality_id, active, name, constant, district_id) VALUES (521, true, 'BELLE VUE', 'BELLE VUE', 6);
INSERT INTO public.lms_municipality (municipality_id, active, name, constant, district_id) VALUES (522, true, 'GRACE', 'GRACE', 6);
INSERT INTO public.lms_municipality (municipality_id, active, name, constant, district_id) VALUES (523, true, 'DE MAILLY', 'DE MAILLY', 6);
INSERT INTO public.lms_municipality (municipality_id, active, name, constant, district_id) VALUES (524, true, 'EN BAMBOO', 'EN BAMBOO', 6);
INSERT INTO public.lms_municipality (municipality_id, active, name, constant, district_id) VALUES (525, true, 'FOND SABOT', 'FOND SABOT', 6);
INSERT INTO public.lms_municipality (municipality_id, active, name, constant, district_id) VALUES (526, true, 'FOND CAPECHE', 'FOND CAPECHE', 6);
INSERT INTO public.lms_municipality (municipality_id, active, name, constant, district_id) VALUES (527, true, 'TETE MORNE/MORNE ANDREW', 'TETE MORNE/MORNE ANDREW', 6);
INSERT INTO public.lms_municipality (municipality_id, active, name, constant, district_id) VALUES (528, true, 'PIERROT', 'PIERROT', 6);
INSERT INTO public.lms_municipality (municipality_id, active, name, constant, district_id) VALUES (529, true, 'ANSE DE SABLES/BEANE FIELD', 'ANSE DE SABLES/BEANE FIELD', 6);
INSERT INTO public.lms_municipality (municipality_id, active, name, constant, district_id) VALUES (530, true, 'BEAUSEJOUR', 'BEAUSEJOUR', 6);
INSERT INTO public.lms_municipality (municipality_id, active, name, constant, district_id) VALUES (531, true, 'BEANE FIELD', 'BEANE FIELD', 6);
INSERT INTO public.lms_municipality (municipality_id, active, name, constant, district_id) VALUES (532, true, 'LA HAUT', 'LA HAUT', 5);
INSERT INTO public.lms_municipality (municipality_id, active, name, constant, district_id) VALUES (533, true, 'MOUNT EROLE', 'MOUNT EROLE', 5);
INSERT INTO public.lms_municipality (municipality_id, active, name, constant, district_id) VALUES (534, true, 'TOWN', 'TOWN', 6);
INSERT INTO public.lms_municipality (municipality_id, active, name, constant, district_id) VALUES (535, true, 'CACOA', 'CACOA', 6);
INSERT INTO public.lms_municipality (municipality_id, active, name, constant, district_id) VALUES (536, true, 'ST HELEN ESTATE', 'ST HELEN ESTATE', 5);
INSERT INTO public.lms_municipality (municipality_id, active, name, constant, district_id) VALUES (537, true, 'FOND/DESRUISSEAUX', 'FOND/DESRUISSEAUX', 5);
INSERT INTO public.lms_municipality (municipality_id, active, name, constant, district_id) VALUES (538, true, 'CHIQUE/BLANCHARD', 'CHIQUE/BLANCHARD', 5);
INSERT INTO public.lms_municipality (municipality_id, active, name, constant, district_id) VALUES (539, true, 'MORNE VIENT', 'MORNE VIENT', 5);
INSERT INTO public.lms_municipality (municipality_id, active, name, constant, district_id) VALUES (540, true, 'GOMIER', 'GOMIER', 5);
INSERT INTO public.lms_municipality (municipality_id, active, name, constant, district_id) VALUES (541, true, 'PALMISTE ESTATE', 'PALMISTE ESTATE', 5);
INSERT INTO public.lms_municipality (municipality_id, active, name, constant, district_id) VALUES (542, true, 'MAHAUT', 'MAHAUT', 5);
INSERT INTO public.lms_municipality (municipality_id, active, name, constant, district_id) VALUES (543, true, 'CARRIERE', 'CARRIERE', 5);
INSERT INTO public.lms_municipality (municipality_id, active, name, constant, district_id) VALUES (544, true, 'CATTER BEAUFOND', 'CATTER BEAUFOND', 5);
INSERT INTO public.lms_municipality (municipality_id, active, name, constant, district_id) VALUES (545, true, 'GALBA', 'GALBA', 5);
INSERT INTO public.lms_municipality (municipality_id, active, name, constant, district_id) VALUES (546, true, 'SAUT', 'SAUT', 5);
INSERT INTO public.lms_municipality (municipality_id, active, name, constant, district_id) VALUES (547, true, 'PAIX BOUCHE', 'PAIX BOUCHE', 5);
INSERT INTO public.lms_municipality (municipality_id, active, name, constant, district_id) VALUES (548, true, 'TOU COCHON', 'TOU COCHAN/TI ROCHER', 5);
INSERT INTO public.lms_municipality (municipality_id, active, name, constant, district_id) VALUES (549, true, 'DES BLANCHARD', 'DES BLANCHARD', 5);
INSERT INTO public.lms_municipality (municipality_id, active, name, constant, district_id) VALUES (550, true, 'NEW VILLAGE', 'NEW VILLAGE', 5);
INSERT INTO public.lms_municipality (municipality_id, active, name, constant, district_id) VALUES (552, true, 'LATILLE', 'LA TILLE', 5);
INSERT INTO public.lms_municipality (municipality_id, active, name, constant, district_id) VALUES (553, true, 'RAMEAU', 'RAMEAU', 5);
INSERT INTO public.lms_municipality (municipality_id, active, name, constant, district_id) VALUES (554, true, 'ANBRE', 'ANBRE', 5);
INSERT INTO public.lms_municipality (municipality_id, active, name, constant, district_id) VALUES (555, true, 'LA FILLE', 'LA FILLE', 5);
INSERT INTO public.lms_municipality (municipality_id, active, name, constant, district_id) VALUES (556, true, 'TI RIVIERE', 'TI RIVIERE', 5);
INSERT INTO public.lms_municipality (municipality_id, active, name, constant, district_id) VALUES (557, true, 'MINE''', 'MINE', 5);
INSERT INTO public.lms_municipality (municipality_id, active, name, constant, district_id) VALUES (558, true, 'LA GWEN BA', 'LA GWEN BA', 5);
INSERT INTO public.lms_municipality (municipality_id, active, name, constant, district_id) VALUES (559, true, 'LA CROIX', 'LA CROIX', 5);
INSERT INTO public.lms_municipality (municipality_id, active, name, constant, district_id) VALUES (560, true, 'L''UNION', 'L''UNION', 5);
INSERT INTO public.lms_municipality (municipality_id, active, name, constant, district_id) VALUES (561, true, 'PELOUZE', 'PELOUZE', 5);
INSERT INTO public.lms_municipality (municipality_id, active, name, constant, district_id) VALUES (562, true, 'BLANCHARD', 'BLANCHARD', 5);
INSERT INTO public.lms_municipality (municipality_id, active, name, constant, district_id) VALUES (563, true, 'LEZY', 'LEZY', 5);
INSERT INTO public.lms_municipality (municipality_id, active, name, constant, district_id) VALUES (564, true, 'GOUETTE', 'GOUETTE', 5);
INSERT INTO public.lms_municipality (municipality_id, active, name, constant, district_id) VALUES (565, true, 'DESRUISSEAUX', 'DESRUISSEAUX', 5);
INSERT INTO public.lms_municipality (municipality_id, active, name, constant, district_id) VALUES (566, true, 'LONDON ROAD', 'LONDON ROAD', 5);
INSERT INTO public.lms_municipality (municipality_id, active, name, constant, district_id) VALUES (154, true, 'BONSEJOUR', 'BONSEJOUR', 1);
INSERT INTO public.lms_municipality (municipality_id, active, name, constant, district_id) VALUES (470, true, 'LAPOINTE', 'LAPOINTE', 8);

COMMIT;